title,url
Dandadan 2nd Season,https://myanimelist.net/anime/60543/Dandadan_2nd_Season
Sono Bisque Doll wa Koi wo Suru Season 2,https://myanimelist.net/anime/53065/Sono_Bisque_Doll_wa_Koi_wo_Suru_Season_2
Kaoru Hana wa Rin to Saku,https://myanimelist.net/anime/59845/Kaoru_Hana_wa_Rin_to_Saku
Gachiakuta,https://myanimelist.net/anime/59062/Gachiakuta
Kaijuu 8-gou 2nd Season,https://myanimelist.net/anime/59177/Kaijuu_8-gou_2nd_Season
Hikaru ga Shinda Natsu,https://myanimelist.net/anime/58913/Hikaru_ga_Shinda_Natsu
Sakamoto Days Part 2,https://myanimelist.net/anime/60285/Sakamoto_Days_Part_2
Yofukashi no Uta Season 2,https://myanimelist.net/anime/58390/Yofukashi_no_Uta_Season_2
Seishun Buta Yarou wa Santa Claus no Yume wo Minai,https://myanimelist.net/anime/57433/Seishun_Buta_Yarou_wa_Santa_Claus_no_Yume_wo_Minai
Dr. Stone: Science Future Part 2,https://myanimelist.net/anime/61322/Dr_Stone__Science_Future_Part_2
Grand Blue Season 2,https://myanimelist.net/anime/59986/Grand_Blue_Season_2
Silent Witch: Chinmoku no Majo no Kakushigoto,https://myanimelist.net/anime/59459/Silent_Witch__Chinmoku_no_Majo_no_Kakushigoto
Mizu Zokusei no Mahoutsukai,https://myanimelist.net/anime/60732/Mizu_Zokusei_no_Mahoutsukai
Tate no Yuusha no Nariagari Season 4,https://myanimelist.net/anime/57907/Tate_no_Yuusha_no_Nariagari_Season_4
Clevatess: Majuu no Ou to Akago to Shikabane no Yuusha,https://myanimelist.net/anime/59205/Clevatess__Majuu_no_Ou_to_Akago_to_Shikabane_no_Yuusha
Tougen Anki,https://myanimelist.net/anime/58811/Tougen_Anki
"Tensei shitara Dainana Ouji Datta node, Kimama ni Majutsu wo Kiwamemasu 2nd Season",https://myanimelist.net/anime/59095/Tensei_shitara_Dainana_Ouji_Datta_node_Kimama_ni_Majutsu_wo_Kiwamemasu_2nd_Season
Isekai Mokushiroku Mynoghra: Hametsu no Bunmei de Hajimeru Sekai Seifuku,https://myanimelist.net/anime/59130/Isekai_Mokushiroku_Mynoghra__Hametsu_no_Bunmei_de_Hajimeru_Sekai_Seifuku
"Mikadono Sanshimai wa Angai, Choroi.",https://myanimelist.net/anime/59207/Mikadono_Sanshimai_wa_Angai_Choroi
"Kanojo, Okarishimasu 4th Season",https://myanimelist.net/anime/59277/Kanojo_Okarishimasu_4th_Season
"Watashi ga Koibito ni Nareru Wake Nai jan, Muri Muri! (※Muri ja Nakatta!?)",https://myanimelist.net/anime/60326/Watashi_ga_Koibito_ni_Nareru_Wake_Nai_jan_Muri_Muri_※Muri_ja_Nakatta
New Panty & Stocking with Garterbelt,https://myanimelist.net/anime/52293/New_Panty___Stocking_with_Garterbelt
City The Animation,https://myanimelist.net/anime/59898/City_The_Animation
Tsuyokute New Saga,https://myanimelist.net/anime/53397/Tsuyokute_New_Saga
Ruri no Houseki,https://myanimelist.net/anime/59791/Ruri_no_Houseki
"Yuusha Party wo Tsuihou sareta Shiromadoushi, S-Rank Boukensha ni Hirowareru: Kono Shiromadoushi ga Kikakugai Sugiru",https://myanimelist.net/anime/59424/Yuusha_Party_wo_Tsuihou_sareta_Shiromadoushi_S-Rank_Boukensha_ni_Hirowareru__Kono_Shiromadoushi_ga_Kikakugai_Sugiru
Kakkou no Iinazuke Season 2,https://myanimelist.net/anime/59402/Kakkou_no_Iinazuke_Season_2
Tsuihousha Shokudou e Youkoso!,https://myanimelist.net/anime/60523/Tsuihousha_Shokudou_e_Youkoso
Watari-kun no xx ga Houkai Sunzen,https://myanimelist.net/anime/56693/Watari-kun_no_xx_ga_Houkai_Sunzen
Jidou Hanbaiki ni Umarekawatta Ore wa Meikyuu wo Samayou 2nd Season,https://myanimelist.net/anime/56700/Jidou_Hanbaiki_ni_Umarekawatta_Ore_wa_Meikyuu_wo_Samayou_2nd_Season
Zutaboro Reijou wa Ane no Moto Konyakusha ni Dekiai sareru,https://myanimelist.net/anime/59421/Zutaboro_Reijou_wa_Ane_no_Moto_Konyakusha_ni_Dekiai_sareru
Ame to Kimi to,https://myanimelist.net/anime/59619/Ame_to_Kimi_to
Kizetsu Yuusha to Ansatsu Hime,https://myanimelist.net/anime/60951/Kizetsu_Yuusha_to_Ansatsu_Hime
Koujo Denka no Kateikyoushi,https://myanimelist.net/anime/56907/Koujo_Denka_no_Kateikyoushi
Nukitashi the Animation,https://myanimelist.net/anime/57969/Nukitashi_the_Animation
Jibaku Shounen Hanako-kun 2 Part 2,https://myanimelist.net/anime/61339/Jibaku_Shounen_Hanako-kun_2_Part_2
Busamen Gachi Fighter,https://myanimelist.net/anime/60316/Busamen_Gachi_Fighter
Mattaku Saikin no Tantei to Kitara,https://myanimelist.net/anime/59632/Mattaku_Saikin_no_Tantei_to_Kitara
Game Center Shoujo to Ibunka Kouryuu,https://myanimelist.net/anime/59689/Game_Center_Shoujo_to_Ibunka_Kouryuu
"Food Court de, Mata Ashita.",https://myanimelist.net/anime/60508/Food_Court_de_Mata_Ashita
Busu ni Hanataba wo.,https://myanimelist.net/anime/53512/Busu_ni_Hanataba_wo
Futari Solo Camp,https://myanimelist.net/anime/60665/Futari_Solo_Camp
Bad Girl,https://myanimelist.net/anime/59161/Bad_Girl
Arknights: Rise from Ember,https://myanimelist.net/anime/58749/Arknights__Rise_from_Ember
Nyaight of the Living Cat,https://myanimelist.net/anime/58197/Nyaight_of_the_Living_Cat
Onmyou Kaiten Re:Birth,https://myanimelist.net/anime/61150/Onmyou_Kaiten_Re_Birth
Jigoku Sensei Nube (2025),https://myanimelist.net/anime/59342/Jigoku_Sensei_Nube_2025
Hotel Inhumans,https://myanimelist.net/anime/60260/Hotel_Inhumans
Dekin no Mogura,https://myanimelist.net/anime/60315/Dekin_no_Mogura
Karaoke Iko!,https://myanimelist.net/anime/60131/Karaoke_Iko
Turkey!,https://myanimelist.net/anime/54028/Turkey
Fermat no Ryouri,https://myanimelist.net/anime/60697/Fermat_no_Ryouri
Kizu darake Seijo yori Houfuku wo Komete,https://myanimelist.net/anime/59961/Kizu_darake_Seijo_yori_Houfuku_wo_Komete
Shirobuta Kizoku desu ga Zense no Kioku ga Haeta node Hiyoko na Otouto Sodatemasu,https://myanimelist.net/anime/59322/Shirobuta_Kizoku_desu_ga_Zense_no_Kioku_ga_Haeta_node_Hiyoko_na_Otouto_Sodatemasu
"Muchuu sa, Kimi ni.",https://myanimelist.net/anime/60130/Muchuu_sa_Kimi_ni
Ginga Tokkyuu Milky☆Subway,https://myanimelist.net/anime/61274/Ginga_Tokkyuu_Milky☆Subway
9: Ruler's Crown,https://myanimelist.net/anime/58957/9__Rulers_Crown
Necronomico no Cosmic Horror Show,https://myanimelist.net/anime/60505/Necronomico_no_Cosmic_Horror_Show
Kamitsubaki-shi Kensetsuchuu.,https://myanimelist.net/anime/57820/Kamitsubaki-shi_Kensetsuchuu
Utagoe wa Mille-Feuille,https://myanimelist.net/anime/55689/Utagoe_wa_Mille-Feuille
Osomatsu-san 4th Season,https://myanimelist.net/anime/58996/Osomatsu-san_4th_Season
Puniru wa Kawaii Slime 2nd Season,https://myanimelist.net/anime/60603/Puniru_wa_Kawaii_Slime_2nd_Season
Binan Koukou Chikyuu Bouei-bu Haikara!,https://myanimelist.net/anime/61239/Binan_Koukou_Chikyuu_Bouei-bu_Haikara
Yami Shibai 15,https://myanimelist.net/anime/61793/Yami_Shibai_15
Cardfight!! Vanguard: Divinez Deluxe Kesshou-hen,https://myanimelist.net/anime/54145/Cardfight_Vanguard__Divinez_Deluxe_Kesshou-hen
Shuukan Ranobe Anime,https://myanimelist.net/anime/61846/Shuukan_Ranobe_Anime
Chibi Godzilla no Gyakushuu 3rd Season,https://myanimelist.net/anime/61765/Chibi_Godzilla_no_Gyakushuu_3rd_Season
Shinobanai! Crypto Ninja Sakuya: San no Maki,https://myanimelist.net/anime/59865/Shinobanai_Crypto_Ninja_Sakuya__San_no_Maki
Dotoli Munhwasenteo,https://myanimelist.net/anime/61778/Dotoli_Munhwasenteo
Neko Konogoro: Tenka Toitsu-hen,https://myanimelist.net/anime/61914/Neko_Konogoro__Tenka_Toitsu-hen
Punirunes: Puni 3,https://myanimelist.net/anime/61290/Punirunes__Puni_3
Sumikko Gurashi: Sorairo no Mainichi Tokubetsu-hen,https://myanimelist.net/anime/62113/Sumikko_Gurashi__Sorairo_no_Mainichi_Tokubetsu-hen
Gakkou de wa Oshiete Kurenai Taisetsu na Koto,https://myanimelist.net/anime/61731/Gakkou_de_wa_Oshiete_Kurenai_Taisetsu_na_Koto
Anmari Yakunitatanai Nihonshi,https://myanimelist.net/anime/62047/Anmari_Yakunitatanai_Nihonshi
Tomica Heroes Jobraver: Tokusou Gattai Robo (TV),https://myanimelist.net/anime/62046/Tomica_Heroes_Jobraver__Tokusou_Gattai_Robo_TV
Xi Yangyang Yu Hui Tailang: Kuang Ye Xin Yuzhou,https://myanimelist.net/anime/61954/Xi_Yangyang_Yu_Hui_Tailang__Kuang_Ye_Xin_Yuzhou
Tomica to Tom (TV),https://myanimelist.net/anime/62083/Tomica_to_Tom_TV
Tobot: Daedosiui Yeongungdeul Season 3 Part 2,https://myanimelist.net/anime/62456/Tobot__Daedosiui_Yeongungdeul_Season_3_Part_2
Hello Carbot Season 16,https://myanimelist.net/anime/62448/Hello_Carbot_Season_16
One Piece,https://myanimelist.net/anime/21/One_Piece
Meitantei Conan,https://myanimelist.net/anime/235/Meitantei_Conan
Witch Watch,https://myanimelist.net/anime/59597/Witch_Watch
Kijin Gentoushou,https://myanimelist.net/anime/49778/Kijin_Gentoushou
Crayon Shin-chan,https://myanimelist.net/anime/966/Crayon_Shin-chan
Summer Pockets,https://myanimelist.net/anime/50694/Summer_Pockets
Anne Shirley,https://myanimelist.net/anime/60334/Anne_Shirley
Pokemon (2023),https://myanimelist.net/anime/53876/Pokemon_2023
Shin Samurai-den Yaiba,https://myanimelist.net/anime/58812/Shin_Samurai-den_Yaiba
Doraemon (2005),https://myanimelist.net/anime/8687/Doraemon_2005
Haigakura,https://myanimelist.net/anime/56420/Haigakura
Chiikawa,https://myanimelist.net/anime/50250/Chiikawa
Uchuujin MuuMuu,https://myanimelist.net/anime/60401/Uchuujin_MuuMuu
Sazae-san,https://myanimelist.net/anime/2406/Sazae-san
Nintama Rantarou,https://myanimelist.net/anime/1199/Nintama_Rantarou
Everyday Host,https://myanimelist.net/anime/60535/Everyday_Host
Chibi Maruko-chan (1995),https://myanimelist.net/anime/6149/Chibi_Maruko-chan_1995
Princession Orchestra,https://myanimelist.net/anime/59078/Princession_Orchestra
Beyblade X,https://myanimelist.net/anime/56566/Beyblade_X
Kimi to Idol Precure♪,https://myanimelist.net/anime/60407/Kimi_to_Idol_Precure♪
Koupen-chan,https://myanimelist.net/anime/60534/Koupen-chan
Sore Ike! Anpanman,https://myanimelist.net/anime/1960/Sore_Ike_Anpanman
Bonobono (TV 2016),https://myanimelist.net/anime/32353/Bonobono_TV_2016
Ninjala (TV),https://myanimelist.net/anime/50418/Ninjala_TV
Shikaru Neko,https://myanimelist.net/anime/48442/Shikaru_Neko
Neko ni Tensei shita Ojisan,https://myanimelist.net/anime/58395/Neko_ni_Tensei_shita_Ojisan
Ojarumaru,https://myanimelist.net/anime/4459/Ojarumaru
Fushigi Dagashiya: Zenitendou,https://myanimelist.net/anime/42295/Fushigi_Dagashiya__Zenitendou
Kamiusagi Rope: Warau Asa ni wa Fukuraitaru tte Maji ssuka!?,https://myanimelist.net/anime/30151/Kamiusagi_Rope__Warau_Asa_ni_wa_Fukuraitaru_tte_Maji_ssuka
Puzzle & Dragon,https://myanimelist.net/anime/37096/Puzzle___Dragon
Himitsu no AiPri: Ring-hen,https://myanimelist.net/anime/61092/Himitsu_no_AiPri__Ring-hen
Araiguma Calcal-dan,https://myanimelist.net/anime/60506/Araiguma_Calcal-dan
Shiawase Haitatsu Taneko,https://myanimelist.net/anime/10506/Shiawase_Haitatsu_Taneko
Tom to Jerry Gokko,https://myanimelist.net/anime/53907/Tom_to_Jerry_Gokko
Hanakappa,https://myanimelist.net/anime/8336/Hanakappa
Manul no Yuube,https://myanimelist.net/anime/38776/Manul_no_Yuube
Kaijuu Sekai Seifuku (TV),https://myanimelist.net/anime/60070/Kaijuu_Sekai_Seifuku_TV
Shin Nippon History,https://myanimelist.net/anime/54871/Shin_Nippon_History
Shimajirou no Wow!,https://myanimelist.net/anime/18941/Shimajirou_no_Wow
Nmeneko,https://myanimelist.net/anime/60947/Nmeneko
Yowamushi Monsters,https://myanimelist.net/anime/30119/Yowamushi_Monsters
Gohan Kaijuu Pap,https://myanimelist.net/anime/22669/Gohan_Kaijuu_Pap
Sumikko Gurashi: Koko ga Ochitsukun desu,https://myanimelist.net/anime/61300/Sumikko_Gurashi__Koko_ga_Ochitsukun_desu
Youkoso Ninchishou Sekai e,https://myanimelist.net/anime/58604/Youkoso_Ninchishou_Sekai_e
Pochars,https://myanimelist.net/anime/59732/Pochars
Shuwawan!,https://myanimelist.net/anime/57357/Shuwawan
Pakkororin,https://myanimelist.net/anime/38099/Pakkororin
Origami Ninja Koyankinte,https://myanimelist.net/anime/41458/Origami_Ninja_Koyankinte
Minimini Minini,https://myanimelist.net/anime/60677/Minimini_Minini
Warau Red List,https://myanimelist.net/anime/59752/Warau_Red_List
Sai-Kyo-Oh! Zukan: The Ultimate Tournament,https://myanimelist.net/anime/60596/Sai-Kyo-Oh_Zukan__The_Ultimate_Tournament
I Love Me 2nd Season,https://myanimelist.net/anime/53408/I_Love_Me_2nd_Season
Oshiri Tantei 9th Season,https://myanimelist.net/anime/58631/Oshiri_Tantei_9th_Season
Mukashibanashi no Oheya: Tsutaetai Nihon Mukashibanashi,https://myanimelist.net/anime/54667/Mukashibanashi_no_Oheya__Tsutaetai_Nihon_Mukashibanashi
Choeganggonglyong Miniforce,https://myanimelist.net/anime/60913/Choeganggonglyong_Miniforce
Turning Mecard God,https://myanimelist.net/anime/61960/Turning_Mecard_God
Kkoma Carrie Tamgusaenghwal,https://myanimelist.net/anime/61959/Kkoma_Carrie_Tamgusaenghwal
Nyanchus,https://myanimelist.net/anime/62382/Nyanchus
Pumeog,https://myanimelist.net/anime/58574/Pumeog
Takopii no Genzai,https://myanimelist.net/anime/60489/Takopii_no_Genzai
Tu Bian Yingxiong X,https://myanimelist.net/anime/53447/Tu_Bian_Yingxiong_X
Guimi Zhi Zhu: Xiaochou Pian,https://myanimelist.net/anime/49818/Guimi_Zhi_Zhu__Xiaochou_Pian
Mofa Gongzhu de Xiao Fannao,https://myanimelist.net/anime/57353/Mofa_Gongzhu_de_Xiao_Fannao
Sousou no Frieren: ●● no Mahou,https://myanimelist.net/anime/56885/Sousou_no_Frieren__●●_no_Mahou
Hitozuma no Kuchibiru wa Kan Chuuhai no Aji ga Shite,https://myanimelist.net/anime/61023/Hitozuma_no_Kuchibiru_wa_Kan_Chuuhai_no_Aji_ga_Shite
Wanmei Shijie,https://myanimelist.net/anime/47405/Wanmei_Shijie
Chainsaw Man Recap,https://myanimelist.net/anime/62352/Chainsaw_Man_Recap
Long Zu II: Daowangzhe Zhi Tong,https://myanimelist.net/anime/59662/Long_Zu_II__Daowangzhe_Zhi_Tong
Leviathan,https://myanimelist.net/anime/59005/Leviathan
Bullet/Bullet,https://myanimelist.net/anime/53722/Bullet_Bullet
Xian Ni,https://myanimelist.net/anime/55809/Xian_Ni
Cat's♥Eye,https://myanimelist.net/anime/60347/Cats♥Eye
Pokemon Concierge Part 2,https://myanimelist.net/anime/58953/Pokemon_Concierge_Part_2
My Melody & Kuromi,https://myanimelist.net/anime/60726/My_Melody___Kuromi
Tong Ling Fei 2nd Season,https://myanimelist.net/anime/60577/Tong_Ling_Fei_2nd_Season
Yu-Gi-Oh! Card Game: The Chronicles,https://myanimelist.net/anime/60651/Yu-Gi-Oh_Card_Game__The_Chronicles
Lian Qi Shi Wan Nian,https://myanimelist.net/anime/54437/Lian_Qi_Shi_Wan_Nian
Dekichau made Kon,https://myanimelist.net/anime/61742/Dekichau_made_Kon
Fanren Xiu Xian Chuan: Waihai Fengyun,https://myanimelist.net/anime/60557/Fanren_Xiu_Xian_Chuan__Waihai_Fengyun
Jebal Joyonghi Jom Hae!,https://myanimelist.net/anime/62419/Jebal_Joyonghi_Jom_Hae
Cang Yuan Tu 2nd Season,https://myanimelist.net/anime/60420/Cang_Yuan_Tu_2nd_Season
Dungeons & Television,https://myanimelist.net/anime/62238/Dungeons___Television
Cang Lan Jue 2,https://myanimelist.net/anime/61561/Cang_Lan_Jue_2
Sugar Sugar Rune: Les deux sorcières,https://myanimelist.net/anime/61997/Sugar_Sugar_Rune__Les_deux_sorcières
Bai Yao Pu 5th Season,https://myanimelist.net/anime/60562/Bai_Yao_Pu_5th_Season
Koisuru One Piece Zenyasai Tokubetsu-hen,https://myanimelist.net/anime/62214/Koisuru_One_Piece_Zenyasai_Tokubetsu-hen
Fate/Grand Order: Fujimaru Ritsuka wa Wakaranai Season 3,https://myanimelist.net/anime/62149/Fate_Grand_Order__Fujimaru_Ritsuka_wa_Wakaranai_Season_3
Douluo Dalu: Jiandao Chen Xin,https://myanimelist.net/anime/61748/Douluo_Dalu__Jiandao_Chen_Xin
Yun Shen Buzhi Meng,https://myanimelist.net/anime/61621/Yun_Shen_Buzhi_Meng
Kanojo ga Separate wo Matou Riyuu,https://myanimelist.net/anime/62106/Kanojo_ga_Separate_wo_Matou_Riyuu
Kaiju Ditan Mai Dali,https://myanimelist.net/anime/60586/Kaiju_Ditan_Mai_Dali
Gu Wei Nan Ting,https://myanimelist.net/anime/62216/Gu_Wei_Nan_Ting
Yao Shen Ji 9th Season,https://myanimelist.net/anime/62026/Yao_Shen_Ji_9th_Season
Ashita no Arika,https://myanimelist.net/anime/62401/Ashita_no_Arika
Shen Mu 3rd Season,https://myanimelist.net/anime/61921/Shen_Mu_3rd_Season
Kaijuu 8-gou The Game,https://myanimelist.net/anime/62390/Kaijuu_8-gou_The_Game
Xin Yichang Shengwu Jianwen Lu: Xu,https://myanimelist.net/anime/60581/Xin_Yichang_Shengwu_Jianwen_Lu__Xu
Oogiri New Saga,https://myanimelist.net/anime/62111/Oogiri_New_Saga
Ano Hi no Kanojo-tachi: Day 09 - Miu Takigawa,https://myanimelist.net/anime/62385/Ano_Hi_no_Kanojo-tachi__Day_09_-_Miu_Takigawa
Kunshu-sama ni Muneyake,https://myanimelist.net/anime/62473/Kunshu-sama_ni_Muneyake
Ling Tian Du Zun,https://myanimelist.net/anime/61929/Ling_Tian_Du_Zun
Zi Chuan 2nd Season,https://myanimelist.net/anime/62117/Zi_Chuan_2nd_Season
Idobata Kaigi de New Saga,https://myanimelist.net/anime/62025/Idobata_Kaigi_de_New_Saga
Wo Wei Dao Zong,https://myanimelist.net/anime/61618/Wo_Wei_Dao_Zong
Shuangsheng Wu Hun,https://myanimelist.net/anime/61657/Shuangsheng_Wu_Hun
Tsuihou Shiromadoushi Mini Anime,https://myanimelist.net/anime/62037/Tsuihou_Shiromadoushi_Mini_Anime
Obusu ni Hanataba wo,https://myanimelist.net/anime/62035/Obusu_ni_Hanataba_wo
Musashino! Bonus,https://myanimelist.net/anime/62320/Musashino_Bonus
Wu Sui Xinghe,https://myanimelist.net/anime/62262/Wu_Sui_Xinghe
Fei Ren Zai 3rd Season,https://myanimelist.net/anime/61950/Fei_Ren_Zai_3rd_Season
Sildonia Gourmet Nikki,https://myanimelist.net/anime/62189/Sildonia_Gourmet_Nikki
Piaomiao Jian Xian Chuan,https://myanimelist.net/anime/62167/Piaomiao_Jian_Xian_Chuan
Bao Ke Meng Donghua Tujian: Xinao Yi Xia,https://myanimelist.net/anime/62265/Bao_Ke_Meng_Donghua_Tujian__Xinao_Yi_Xia
"Zaixia ""Yingtai""",https://myanimelist.net/anime/62092/Zaixia_Yingtai
Wan Jian Wangzuo,https://myanimelist.net/anime/62165/Wan_Jian_Wangzuo
Shitasaki kara Koi 3rd Season,https://myanimelist.net/anime/62163/Shitasaki_kara_Koi_3rd_Season
Poke Oki,https://myanimelist.net/anime/62209/Poke_Oki
MyGO!!!!! x Oshitabi,https://myanimelist.net/anime/62395/MyGO_x_Oshitabi
Da Tang Chengfeng Lu,https://myanimelist.net/anime/61639/Da_Tang_Chengfeng_Lu
Wangu Jian Di,https://myanimelist.net/anime/62279/Wangu_Jian_Di
Metamon Henshin Shiritori Battle,https://myanimelist.net/anime/62381/Metamon_Henshin_Shiritori_Battle
Tianming Dashen Huang,https://myanimelist.net/anime/62445/Tianming_Dashen_Huang
Super Ninja Neko,https://myanimelist.net/anime/62341/Super_Ninja_Neko
Zhen Dao Ge 3rd Season,https://myanimelist.net/anime/62444/Zhen_Dao_Ge_3rd_Season
Jueshi Shen Huang,https://myanimelist.net/anime/62472/Jueshi_Shen_Huang
Shen Zai Jiong Tu,https://myanimelist.net/anime/62544/Shen_Zai_Jiong_Tu
Gui Chuideng: Nanhai Gui Xu,https://myanimelist.net/anime/62243/Gui_Chuideng__Nanhai_Gui_Xu
Wo Zai Tianting Shou Feipin,https://myanimelist.net/anime/62587/Wo_Zai_Tianting_Shou_Feipin
Huanggu En Chou Lu: Po Feng Pian,https://myanimelist.net/anime/62480/Huanggu_En_Chou_Lu__Po_Feng_Pian
Honda Bike x Kuromi,https://myanimelist.net/anime/62073/Honda_Bike_x_Kuromi
Zhege Nianji Huan Neng Dang Daxia Ma 2nd Season,https://myanimelist.net/anime/61948/Zhege_Nianji_Huan_Neng_Dang_Daxia_Ma_2nd_Season
Azarashi no Eru Aru,https://myanimelist.net/anime/61994/Azarashi_no_Eru_Aru
Nyan Dere,https://myanimelist.net/anime/62074/Nyan_Dere
Xiangzhe Xingchen De Changzheng,https://myanimelist.net/anime/62166/Xiangzhe_Xingchen_De_Changzheng
Ruguo Lishi Shi Yiqun Miao: Yuan Mo Ming Chu Pian,https://myanimelist.net/anime/61951/Ruguo_Lishi_Shi_Yiqun_Miao__Yuan_Mo_Ming_Chu_Pian
Zhao Lin de Tanxian Riji 2,https://myanimelist.net/anime/61953/Zhao_Lin_de_Tanxian_Riji_2
Wu Hun Dalu,https://myanimelist.net/anime/62659/Wu_Hun_Dalu
Yongzhe Donghua Xilie 2,https://myanimelist.net/anime/62500/Yongzhe_Donghua_Xilie_2
Inpuru-kun no Sonzai Shinai Oshigoto,https://myanimelist.net/anime/62658/Inpuru-kun_no_Sonzai_Shinai_Oshigoto
Di Ling Ai: Mo Shui Linglong,https://myanimelist.net/anime/62681/Di_Ling_Ai__Mo_Shui_Linglong
Shoujo Ramune,https://myanimelist.net/anime/32587/Shoujo_Ramune
Immoral Game Master The Animation,https://myanimelist.net/anime/61583/Immoral_Game_Master_The_Animation
Love Me: Kakurenbo The Animation,https://myanimelist.net/anime/61790/Love_Me__Kakurenbo_The_Animation
Sister Breeder,https://myanimelist.net/anime/62328/Sister_Breeder
Pure Pure Pero Pero Princess,https://myanimelist.net/anime/61935/Pure_Pure_Pero_Pero_Princess
Asa made Shiru Daku Haha Musume Donburi!!,https://myanimelist.net/anime/61538/Asa_made_Shiru_Daku_Haha_Musume_Donburi
Netorareta Bakunyuu Tsuma-tachi,https://myanimelist.net/anime/61788/Netorareta_Bakunyuu_Tsuma-tachi
Mujin Eki The Animation,https://myanimelist.net/anime/61910/Mujin_Eki_The_Animation
Shachiku Cinderella,https://myanimelist.net/anime/61789/Shachiku_Cinderella
Koushoku no Chuugi Kunoichi Botan,https://myanimelist.net/anime/61909/Koushoku_no_Chuugi_Kunoichi_Botan
Kore tte Naani?,https://myanimelist.net/anime/61936/Kore_tte_Naani
Kyou wa Yubiwa wo Hazusu kara......,https://myanimelist.net/anime/61911/Kyou_wa_Yubiwa_wo_Hazusu_kara
Kiken na Mori Onigokko,https://myanimelist.net/anime/61937/Kiken_na_Mori_Onigokko
Kimetsu no Yaiba Movie 1: Mugenjou-hen - Akaza Sairai,https://myanimelist.net/anime/59192/Kimetsu_no_Yaiba_Movie_1__Mugenjou-hen_-_Akaza_Sairai
Chainsaw Man Movie: Reze-hen,https://myanimelist.net/anime/57555/Chainsaw_Man_Movie__Reze-hen
Bâan: Otona no Kyoukai,https://myanimelist.net/anime/61984/Bâan__Otona_no_Kyoukai
Hyakuemu.,https://myanimelist.net/anime/58919/Hyakuemu
Summer Pockets Movie,https://myanimelist.net/anime/61926/Summer_Pockets_Movie
Fushigi no Kuni de Alice to: Dive in Wonderland,https://myanimelist.net/anime/60778/Fushigi_no_Kuni_de_Alice_to__Dive_in_Wonderland
Luo Xiaohei Zhanji 2,https://myanimelist.net/anime/61952/Luo_Xiaohei_Zhanji_2
ChaO,https://myanimelist.net/anime/60774/ChaO
Kimetsu no Yaiba Movie: Mugenjou-hen Manner Eizou,https://myanimelist.net/anime/62184/Kimetsu_no_Yaiba_Movie__Mugenjou-hen_Manner_Eizou
Tooi-san wa Seishun Shitai! Baka to Smartphone to Romance to,https://myanimelist.net/anime/61367/Tooi-san_wa_Seishun_Shitai_Baka_to_Smartphone_to_Romance_to
As One,https://myanimelist.net/anime/61139/As_One
Kimi to Idol Precure♪ Movie: Omatase! Kimi ni Todokeru Kirakki Live!,https://myanimelist.net/anime/60773/Kimi_to_Idol_Precure♪_Movie__Omatase_Kimi_ni_Todokeru_Kirakki_Live
Crayon Shin-chan Movie 33: Chou Karei! Shakunetsu no Kasukabe Dancers,https://myanimelist.net/anime/60862/Crayon_Shin-chan_Movie_33__Chou_Karei_Shakunetsu_no_Kasukabe_Dancers
Odekake Kozame Movie: Tokai no Otomodachi,https://myanimelist.net/anime/58837/Odekake_Kozame_Movie__Tokai_no_Otomodachi
Tamala 2030: A Punk Cat in Dark,https://myanimelist.net/anime/61699/Tamala_2030__A_Punk_Cat_in_Dark
Lang Lang Shan Xiao Yaoguai,https://myanimelist.net/anime/61617/Lang_Lang_Shan_Xiao_Yaoguai
Fei Ren Zai: Xian Shi Wan Jia,https://myanimelist.net/anime/62260/Fei_Ren_Zai__Xian_Shi_Wan_Jia
Liaozhai: Lanre Si,https://myanimelist.net/anime/61751/Liaozhai__Lanre_Si
Odekake Kozame Movie: Tokai no Otomodachi x Yoru wa Neko to Issho Manner Eizou,https://myanimelist.net/anime/62329/Odekake_Kozame_Movie__Tokai_no_Otomodachi_x_Yoru_wa_Neko_to_Issho_Manner_Eizou
Xiong Haizi: Tanxian Xiong Bing,https://myanimelist.net/anime/57933/Xiong_Haizi__Tanxian_Xiong_Bing
Hou Yi: Jian Shen,https://myanimelist.net/anime/62442/Hou_Yi__Jian_Shen
Tanglang,https://myanimelist.net/anime/62575/Tanglang
Xi Yangyang Yu Hui Tailang: Yiguo Poxiao,https://myanimelist.net/anime/61949/Xi_Yangyang_Yu_Hui_Tailang__Yiguo_Poxiao
Dinoman: Mudeungsan Gonglyongui Tansaeng,https://myanimelist.net/anime/62460/Dinoman__Mudeungsan_Gonglyongui_Tansaeng
Geugjangpan Beuledeu Movie: Bakerytown-ui Agdangdeul,https://myanimelist.net/anime/62461/Geugjangpan_Beuledeu_Movie__Bakerytown-ui_Agdangdeul
"Towa no Yuugure: Asa wo Kokoro ni, Ichi, Ni to Kazoe yo",https://myanimelist.net/anime/62359/Towa_no_Yuugure__Asa_wo_Kokoro_ni_Ichi_Ni_to_Kazoe_yo
Silent Witch: Chinmoku no Majo no Kakushigoto - Sennyuu Kiroku,https://myanimelist.net/anime/62422/Silent_Witch__Chinmoku_no_Majo_no_Kakushigoto_-_Sennyuu_Kiroku
Hitozuma no Kuchibiru wa Kan Chuuhai no Aji ga Shite: Kooriyama Yui Sonogo...,https://myanimelist.net/anime/62349/Hitozuma_no_Kuchibiru_wa_Kan_Chuuhai_no_Aji_ga_Shite__Kooriyama_Yui_Sonogo
Kamitsubaki-shi Kensetsuchuu.: Witchling - Zenpen,https://myanimelist.net/anime/61971/Kamitsubaki-shi_Kensetsuchuu__Witchling_-_Zenpen
One Piece: Dr. Chopper no Bouken Karte - Hokoritakaki Gigant Dream,https://myanimelist.net/anime/62394/One_Piece__Dr_Chopper_no_Bouken_Karte_-_Hokoritakaki_Gigant_Dream
9: Ruler's Crown - Branch X,https://myanimelist.net/anime/62335/9__Rulers_Crown_-_Branch_X
Future Kid Takara,https://myanimelist.net/anime/54160/Future_Kid_Takara
