name,url
Winter 2026,https://myanimelist.net/anime/season/2026/winter
Spring 2026,https://myanimelist.net/anime/season/2026/spring
Winter 2025,https://myanimelist.net/anime/season/2025/winter
Spring 2025,https://myanimelist.net/anime/season/2025/spring
Summer 2025,https://myanimelist.net/anime/season/2025/summer
Winter 2024,https://myanimelist.net/anime/season/2024/winter
Spring 2024,https://myanimelist.net/anime/season/2024/spring
Summer 2024,https://myanimelist.net/anime/season/2024/summer
Fall 2024,https://myanimelist.net/anime/season/2024/fall
Winter 2023,https://myanimelist.net/anime/season/2023/winter
Spring 2023,https://myanimelist.net/anime/season/2023/spring
Summer 2023,https://myanimelist.net/anime/season/2023/summer
Fall 2023,https://myanimelist.net/anime/season/2023/fall
Winter 2022,https://myanimelist.net/anime/season/2022/winter
Spring 2022,https://myanimelist.net/anime/season/2022/spring
Summer 2022,https://myanimelist.net/anime/season/2022/summer
Fall 2022,https://myanimelist.net/anime/season/2022/fall
Winter 2021,https://myanimelist.net/anime/season/2021/winter
Spring 2021,https://myanimelist.net/anime/season/2021/spring
Summer 2021,https://myanimelist.net/anime/season/2021/summer
Fall 2021,https://myanimelist.net/anime/season/2021/fall
Winter 2020,https://myanimelist.net/anime/season/2020/winter
Spring 2020,https://myanimelist.net/anime/season/2020/spring
Summer 2020,https://myanimelist.net/anime/season/2020/summer
Fall 2020,https://myanimelist.net/anime/season/2020/fall
Winter 2019,https://myanimelist.net/anime/season/2019/winter
Spring 2019,https://myanimelist.net/anime/season/2019/spring
Summer 2019,https://myanimelist.net/anime/season/2019/summer
Fall 2019,https://myanimelist.net/anime/season/2019/fall
Winter 2018,https://myanimelist.net/anime/season/2018/winter
Spring 2018,https://myanimelist.net/anime/season/2018/spring
Summer 2018,https://myanimelist.net/anime/season/2018/summer
Fall 2018,https://myanimelist.net/anime/season/2018/fall
Winter 2017,https://myanimelist.net/anime/season/2017/winter
Spring 2017,https://myanimelist.net/anime/season/2017/spring
Summer 2017,https://myanimelist.net/anime/season/2017/summer
Fall 2017,https://myanimelist.net/anime/season/2017/fall
Winter 2016,https://myanimelist.net/anime/season/2016/winter
Spring 2016,https://myanimelist.net/anime/season/2016/spring
Summer 2016,https://myanimelist.net/anime/season/2016/summer
Fall 2016,https://myanimelist.net/anime/season/2016/fall
Winter 2015,https://myanimelist.net/anime/season/2015/winter
Spring 2015,https://myanimelist.net/anime/season/2015/spring
Summer 2015,https://myanimelist.net/anime/season/2015/summer
Fall 2015,https://myanimelist.net/anime/season/2015/fall
Winter 2014,https://myanimelist.net/anime/season/2014/winter
Spring 2014,https://myanimelist.net/anime/season/2014/spring
Summer 2014,https://myanimelist.net/anime/season/2014/summer
Fall 2014,https://myanimelist.net/anime/season/2014/fall
Winter 2013,https://myanimelist.net/anime/season/2013/winter
Spring 2013,https://myanimelist.net/anime/season/2013/spring
Summer 2013,https://myanimelist.net/anime/season/2013/summer
Fall 2013,https://myanimelist.net/anime/season/2013/fall
Winter 2012,https://myanimelist.net/anime/season/2012/winter
Spring 2012,https://myanimelist.net/anime/season/2012/spring
Summer 2012,https://myanimelist.net/anime/season/2012/summer
Fall 2012,https://myanimelist.net/anime/season/2012/fall
Winter 2011,https://myanimelist.net/anime/season/2011/winter
Spring 2011,https://myanimelist.net/anime/season/2011/spring
Summer 2011,https://myanimelist.net/anime/season/2011/summer
Fall 2011,https://myanimelist.net/anime/season/2011/fall
Winter 2010,https://myanimelist.net/anime/season/2010/winter
Spring 2010,https://myanimelist.net/anime/season/2010/spring
Summer 2010,https://myanimelist.net/anime/season/2010/summer
Fall 2010,https://myanimelist.net/anime/season/2010/fall
Winter 2009,https://myanimelist.net/anime/season/2009/winter
Spring 2009,https://myanimelist.net/anime/season/2009/spring
Summer 2009,https://myanimelist.net/anime/season/2009/summer
Fall 2009,https://myanimelist.net/anime/season/2009/fall
Winter 2008,https://myanimelist.net/anime/season/2008/winter
Spring 2008,https://myanimelist.net/anime/season/2008/spring
Summer 2008,https://myanimelist.net/anime/season/2008/summer
Fall 2008,https://myanimelist.net/anime/season/2008/fall
Winter 2007,https://myanimelist.net/anime/season/2007/winter
Spring 2007,https://myanimelist.net/anime/season/2007/spring
Summer 2007,https://myanimelist.net/anime/season/2007/summer
Fall 2007,https://myanimelist.net/anime/season/2007/fall
Winter 2006,https://myanimelist.net/anime/season/2006/winter
Spring 2006,https://myanimelist.net/anime/season/2006/spring
Summer 2006,https://myanimelist.net/anime/season/2006/summer
Fall 2006,https://myanimelist.net/anime/season/2006/fall
Winter 2005,https://myanimelist.net/anime/season/2005/winter
Spring 2005,https://myanimelist.net/anime/season/2005/spring
Summer 2005,https://myanimelist.net/anime/season/2005/summer
Fall 2005,https://myanimelist.net/anime/season/2005/fall
Winter 2004,https://myanimelist.net/anime/season/2004/winter
Spring 2004,https://myanimelist.net/anime/season/2004/spring
Summer 2004,https://myanimelist.net/anime/season/2004/summer
Fall 2004,https://myanimelist.net/anime/season/2004/fall
Winter 2003,https://myanimelist.net/anime/season/2003/winter
Spring 2003,https://myanimelist.net/anime/season/2003/spring
Summer 2003,https://myanimelist.net/anime/season/2003/summer
Fall 2003,https://myanimelist.net/anime/season/2003/fall
Winter 2002,https://myanimelist.net/anime/season/2002/winter
Spring 2002,https://myanimelist.net/anime/season/2002/spring
Summer 2002,https://myanimelist.net/anime/season/2002/summer
Fall 2002,https://myanimelist.net/anime/season/2002/fall
Winter 2001,https://myanimelist.net/anime/season/2001/winter
Spring 2001,https://myanimelist.net/anime/season/2001/spring
Summer 2001,https://myanimelist.net/anime/season/2001/summer
Fall 2001,https://myanimelist.net/anime/season/2001/fall
Winter 2000,https://myanimelist.net/anime/season/2000/winter
Spring 2000,https://myanimelist.net/anime/season/2000/spring
Summer 2000,https://myanimelist.net/anime/season/2000/summer
Fall 2000,https://myanimelist.net/anime/season/2000/fall
Winter 1999,https://myanimelist.net/anime/season/1999/winter
Spring 1999,https://myanimelist.net/anime/season/1999/spring
Summer 1999,https://myanimelist.net/anime/season/1999/summer
Fall 1999,https://myanimelist.net/anime/season/1999/fall
Winter 1998,https://myanimelist.net/anime/season/1998/winter
Spring 1998,https://myanimelist.net/anime/season/1998/spring
Summer 1998,https://myanimelist.net/anime/season/1998/summer
Fall 1998,https://myanimelist.net/anime/season/1998/fall
Winter 1997,https://myanimelist.net/anime/season/1997/winter
Spring 1997,https://myanimelist.net/anime/season/1997/spring
Summer 1997,https://myanimelist.net/anime/season/1997/summer
Fall 1997,https://myanimelist.net/anime/season/1997/fall
Winter 1996,https://myanimelist.net/anime/season/1996/winter
Spring 1996,https://myanimelist.net/anime/season/1996/spring
Summer 1996,https://myanimelist.net/anime/season/1996/summer
Fall 1996,https://myanimelist.net/anime/season/1996/fall
Winter 1995,https://myanimelist.net/anime/season/1995/winter
Spring 1995,https://myanimelist.net/anime/season/1995/spring
Summer 1995,https://myanimelist.net/anime/season/1995/summer
Fall 1995,https://myanimelist.net/anime/season/1995/fall
Winter 1994,https://myanimelist.net/anime/season/1994/winter
Spring 1994,https://myanimelist.net/anime/season/1994/spring
Summer 1994,https://myanimelist.net/anime/season/1994/summer
Fall 1994,https://myanimelist.net/anime/season/1994/fall
Winter 1993,https://myanimelist.net/anime/season/1993/winter
Spring 1993,https://myanimelist.net/anime/season/1993/spring
Summer 1993,https://myanimelist.net/anime/season/1993/summer
Fall 1993,https://myanimelist.net/anime/season/1993/fall
Winter 1992,https://myanimelist.net/anime/season/1992/winter
Spring 1992,https://myanimelist.net/anime/season/1992/spring
Summer 1992,https://myanimelist.net/anime/season/1992/summer
Fall 1992,https://myanimelist.net/anime/season/1992/fall
Winter 1991,https://myanimelist.net/anime/season/1991/winter
Spring 1991,https://myanimelist.net/anime/season/1991/spring
Summer 1991,https://myanimelist.net/anime/season/1991/summer
Fall 1991,https://myanimelist.net/anime/season/1991/fall
Winter 1990,https://myanimelist.net/anime/season/1990/winter
Spring 1990,https://myanimelist.net/anime/season/1990/spring
Summer 1990,https://myanimelist.net/anime/season/1990/summer
Fall 1990,https://myanimelist.net/anime/season/1990/fall
Winter 1989,https://myanimelist.net/anime/season/1989/winter
Spring 1989,https://myanimelist.net/anime/season/1989/spring
Summer 1989,https://myanimelist.net/anime/season/1989/summer
Fall 1989,https://myanimelist.net/anime/season/1989/fall
Winter 1988,https://myanimelist.net/anime/season/1988/winter
Spring 1988,https://myanimelist.net/anime/season/1988/spring
Summer 1988,https://myanimelist.net/anime/season/1988/summer
Fall 1988,https://myanimelist.net/anime/season/1988/fall
Winter 1987,https://myanimelist.net/anime/season/1987/winter
Spring 1987,https://myanimelist.net/anime/season/1987/spring
Summer 1987,https://myanimelist.net/anime/season/1987/summer
Fall 1987,https://myanimelist.net/anime/season/1987/fall
Winter 1986,https://myanimelist.net/anime/season/1986/winter
Spring 1986,https://myanimelist.net/anime/season/1986/spring
Summer 1986,https://myanimelist.net/anime/season/1986/summer
Fall 1986,https://myanimelist.net/anime/season/1986/fall
Winter 1985,https://myanimelist.net/anime/season/1985/winter
Spring 1985,https://myanimelist.net/anime/season/1985/spring
Summer 1985,https://myanimelist.net/anime/season/1985/summer
Fall 1985,https://myanimelist.net/anime/season/1985/fall
Winter 1984,https://myanimelist.net/anime/season/1984/winter
Spring 1984,https://myanimelist.net/anime/season/1984/spring
Summer 1984,https://myanimelist.net/anime/season/1984/summer
Fall 1984,https://myanimelist.net/anime/season/1984/fall
Winter 1983,https://myanimelist.net/anime/season/1983/winter
Spring 1983,https://myanimelist.net/anime/season/1983/spring
Summer 1983,https://myanimelist.net/anime/season/1983/summer
Fall 1983,https://myanimelist.net/anime/season/1983/fall
Winter 1982,https://myanimelist.net/anime/season/1982/winter
Spring 1982,https://myanimelist.net/anime/season/1982/spring
Summer 1982,https://myanimelist.net/anime/season/1982/summer
Fall 1982,https://myanimelist.net/anime/season/1982/fall
Winter 1981,https://myanimelist.net/anime/season/1981/winter
Spring 1981,https://myanimelist.net/anime/season/1981/spring
Summer 1981,https://myanimelist.net/anime/season/1981/summer
Fall 1981,https://myanimelist.net/anime/season/1981/fall
Winter 1980,https://myanimelist.net/anime/season/1980/winter
Spring 1980,https://myanimelist.net/anime/season/1980/spring
Summer 1980,https://myanimelist.net/anime/season/1980/summer
Fall 1980,https://myanimelist.net/anime/season/1980/fall
Winter 1979,https://myanimelist.net/anime/season/1979/winter
Spring 1979,https://myanimelist.net/anime/season/1979/spring
Summer 1979,https://myanimelist.net/anime/season/1979/summer
Fall 1979,https://myanimelist.net/anime/season/1979/fall
Winter 1978,https://myanimelist.net/anime/season/1978/winter
Spring 1978,https://myanimelist.net/anime/season/1978/spring
Summer 1978,https://myanimelist.net/anime/season/1978/summer
Fall 1978,https://myanimelist.net/anime/season/1978/fall
Winter 1977,https://myanimelist.net/anime/season/1977/winter
Spring 1977,https://myanimelist.net/anime/season/1977/spring
Summer 1977,https://myanimelist.net/anime/season/1977/summer
Fall 1977,https://myanimelist.net/anime/season/1977/fall
Winter 1976,https://myanimelist.net/anime/season/1976/winter
Spring 1976,https://myanimelist.net/anime/season/1976/spring
Summer 1976,https://myanimelist.net/anime/season/1976/summer
Fall 1976,https://myanimelist.net/anime/season/1976/fall
Winter 1975,https://myanimelist.net/anime/season/1975/winter
Spring 1975,https://myanimelist.net/anime/season/1975/spring
Summer 1975,https://myanimelist.net/anime/season/1975/summer
Fall 1975,https://myanimelist.net/anime/season/1975/fall
Winter 1974,https://myanimelist.net/anime/season/1974/winter
Spring 1974,https://myanimelist.net/anime/season/1974/spring
Summer 1974,https://myanimelist.net/anime/season/1974/summer
Fall 1974,https://myanimelist.net/anime/season/1974/fall
Winter 1973,https://myanimelist.net/anime/season/1973/winter
Spring 1973,https://myanimelist.net/anime/season/1973/spring
Summer 1973,https://myanimelist.net/anime/season/1973/summer
Fall 1973,https://myanimelist.net/anime/season/1973/fall
Winter 1972,https://myanimelist.net/anime/season/1972/winter
Spring 1972,https://myanimelist.net/anime/season/1972/spring
Summer 1972,https://myanimelist.net/anime/season/1972/summer
Fall 1972,https://myanimelist.net/anime/season/1972/fall
Winter 1971,https://myanimelist.net/anime/season/1971/winter
Spring 1971,https://myanimelist.net/anime/season/1971/spring
Summer 1971,https://myanimelist.net/anime/season/1971/summer
Fall 1971,https://myanimelist.net/anime/season/1971/fall
Winter 1970,https://myanimelist.net/anime/season/1970/winter
Spring 1970,https://myanimelist.net/anime/season/1970/spring
Summer 1970,https://myanimelist.net/anime/season/1970/summer
Fall 1970,https://myanimelist.net/anime/season/1970/fall
Winter 1969,https://myanimelist.net/anime/season/1969/winter
Spring 1969,https://myanimelist.net/anime/season/1969/spring
Summer 1969,https://myanimelist.net/anime/season/1969/summer
Fall 1969,https://myanimelist.net/anime/season/1969/fall
Winter 1968,https://myanimelist.net/anime/season/1968/winter
Spring 1968,https://myanimelist.net/anime/season/1968/spring
Summer 1968,https://myanimelist.net/anime/season/1968/summer
Fall 1968,https://myanimelist.net/anime/season/1968/fall
Winter 1967,https://myanimelist.net/anime/season/1967/winter
Spring 1967,https://myanimelist.net/anime/season/1967/spring
Summer 1967,https://myanimelist.net/anime/season/1967/summer
Fall 1967,https://myanimelist.net/anime/season/1967/fall
Winter 1966,https://myanimelist.net/anime/season/1966/winter
Spring 1966,https://myanimelist.net/anime/season/1966/spring
Summer 1966,https://myanimelist.net/anime/season/1966/summer
Fall 1966,https://myanimelist.net/anime/season/1966/fall
Winter 1965,https://myanimelist.net/anime/season/1965/winter
Spring 1965,https://myanimelist.net/anime/season/1965/spring
Summer 1965,https://myanimelist.net/anime/season/1965/summer
Fall 1965,https://myanimelist.net/anime/season/1965/fall
Winter 1964,https://myanimelist.net/anime/season/1964/winter
Spring 1964,https://myanimelist.net/anime/season/1964/spring
Summer 1964,https://myanimelist.net/anime/season/1964/summer
Fall 1964,https://myanimelist.net/anime/season/1964/fall
Winter 1963,https://myanimelist.net/anime/season/1963/winter
Spring 1963,https://myanimelist.net/anime/season/1963/spring
Summer 1963,https://myanimelist.net/anime/season/1963/summer
Fall 1963,https://myanimelist.net/anime/season/1963/fall
Winter 1962,https://myanimelist.net/anime/season/1962/winter
Spring 1962,https://myanimelist.net/anime/season/1962/spring
Summer 1962,https://myanimelist.net/anime/season/1962/summer
Fall 1962,https://myanimelist.net/anime/season/1962/fall
Winter 1961,https://myanimelist.net/anime/season/1961/winter
Spring 1961,https://myanimelist.net/anime/season/1961/spring
Summer 1961,https://myanimelist.net/anime/season/1961/summer
Fall 1961,https://myanimelist.net/anime/season/1961/fall
Winter 1960,https://myanimelist.net/anime/season/1960/winter
Spring 1960,https://myanimelist.net/anime/season/1960/spring
Summer 1960,https://myanimelist.net/anime/season/1960/summer
Fall 1960,https://myanimelist.net/anime/season/1960/fall
Winter 1959,https://myanimelist.net/anime/season/1959/winter
Spring 1959,https://myanimelist.net/anime/season/1959/spring
Summer 1959,https://myanimelist.net/anime/season/1959/summer
Fall 1959,https://myanimelist.net/anime/season/1959/fall
Winter 1958,https://myanimelist.net/anime/season/1958/winter
Spring 1958,https://myanimelist.net/anime/season/1958/spring
Summer 1958,https://myanimelist.net/anime/season/1958/summer
Fall 1958,https://myanimelist.net/anime/season/1958/fall
Winter 1957,https://myanimelist.net/anime/season/1957/winter
Spring 1957,https://myanimelist.net/anime/season/1957/spring
Summer 1957,https://myanimelist.net/anime/season/1957/summer
Fall 1957,https://myanimelist.net/anime/season/1957/fall
Winter 1956,https://myanimelist.net/anime/season/1956/winter
Spring 1956,https://myanimelist.net/anime/season/1956/spring
Summer 1956,https://myanimelist.net/anime/season/1956/summer
Fall 1956,https://myanimelist.net/anime/season/1956/fall
Winter 1955,https://myanimelist.net/anime/season/1955/winter
Spring 1955,https://myanimelist.net/anime/season/1955/spring
Summer 1955,https://myanimelist.net/anime/season/1955/summer
Fall 1955,https://myanimelist.net/anime/season/1955/fall
Winter 1954,https://myanimelist.net/anime/season/1954/winter
Spring 1954,https://myanimelist.net/anime/season/1954/spring
Summer 1954,https://myanimelist.net/anime/season/1954/summer
Fall 1954,https://myanimelist.net/anime/season/1954/fall
Winter 1953,https://myanimelist.net/anime/season/1953/winter
Spring 1953,https://myanimelist.net/anime/season/1953/spring
Summer 1953,https://myanimelist.net/anime/season/1953/summer
Fall 1953,https://myanimelist.net/anime/season/1953/fall
Winter 1952,https://myanimelist.net/anime/season/1952/winter
Spring 1952,https://myanimelist.net/anime/season/1952/spring
Summer 1952,https://myanimelist.net/anime/season/1952/summer
Fall 1952,https://myanimelist.net/anime/season/1952/fall
Winter 1951,https://myanimelist.net/anime/season/1951/winter
Spring 1951,https://myanimelist.net/anime/season/1951/spring
Summer 1951,https://myanimelist.net/anime/season/1951/summer
Fall 1951,https://myanimelist.net/anime/season/1951/fall
Winter 1950,https://myanimelist.net/anime/season/1950/winter
Spring 1950,https://myanimelist.net/anime/season/1950/spring
Summer 1950,https://myanimelist.net/anime/season/1950/summer
Fall 1950,https://myanimelist.net/anime/season/1950/fall
Winter 1949,https://myanimelist.net/anime/season/1949/winter
Spring 1949,https://myanimelist.net/anime/season/1949/spring
Summer 1949,https://myanimelist.net/anime/season/1949/summer
Fall 1949,https://myanimelist.net/anime/season/1949/fall
Winter 1948,https://myanimelist.net/anime/season/1948/winter
Spring 1948,https://myanimelist.net/anime/season/1948/spring
Summer 1948,https://myanimelist.net/anime/season/1948/summer
Fall 1948,https://myanimelist.net/anime/season/1948/fall
Winter 1947,https://myanimelist.net/anime/season/1947/winter
Spring 1947,https://myanimelist.net/anime/season/1947/spring
Summer 1947,https://myanimelist.net/anime/season/1947/summer
Fall 1947,https://myanimelist.net/anime/season/1947/fall
Winter 1946,https://myanimelist.net/anime/season/1946/winter
Spring 1946,https://myanimelist.net/anime/season/1946/spring
Summer 1946,https://myanimelist.net/anime/season/1946/summer
Fall 1946,https://myanimelist.net/anime/season/1946/fall
Winter 1945,https://myanimelist.net/anime/season/1945/winter
Spring 1945,https://myanimelist.net/anime/season/1945/spring
Summer 1945,https://myanimelist.net/anime/season/1945/summer
Fall 1945,https://myanimelist.net/anime/season/1945/fall
Winter 1944,https://myanimelist.net/anime/season/1944/winter
Spring 1944,https://myanimelist.net/anime/season/1944/spring
Summer 1944,https://myanimelist.net/anime/season/1944/summer
Fall 1944,https://myanimelist.net/anime/season/1944/fall
Winter 1943,https://myanimelist.net/anime/season/1943/winter
Spring 1943,https://myanimelist.net/anime/season/1943/spring
Summer 1943,https://myanimelist.net/anime/season/1943/summer
Fall 1943,https://myanimelist.net/anime/season/1943/fall
Winter 1942,https://myanimelist.net/anime/season/1942/winter
Spring 1942,https://myanimelist.net/anime/season/1942/spring
Summer 1942,https://myanimelist.net/anime/season/1942/summer
Fall 1942,https://myanimelist.net/anime/season/1942/fall
Winter 1941,https://myanimelist.net/anime/season/1941/winter
Spring 1941,https://myanimelist.net/anime/season/1941/spring
Summer 1941,https://myanimelist.net/anime/season/1941/summer
Fall 1941,https://myanimelist.net/anime/season/1941/fall
Winter 1940,https://myanimelist.net/anime/season/1940/winter
Spring 1940,https://myanimelist.net/anime/season/1940/spring
Summer 1940,https://myanimelist.net/anime/season/1940/summer
Fall 1940,https://myanimelist.net/anime/season/1940/fall
Winter 1939,https://myanimelist.net/anime/season/1939/winter
Spring 1939,https://myanimelist.net/anime/season/1939/spring
Summer 1939,https://myanimelist.net/anime/season/1939/summer
Fall 1939,https://myanimelist.net/anime/season/1939/fall
Winter 1938,https://myanimelist.net/anime/season/1938/winter
Spring 1938,https://myanimelist.net/anime/season/1938/spring
Summer 1938,https://myanimelist.net/anime/season/1938/summer
Fall 1938,https://myanimelist.net/anime/season/1938/fall
Winter 1937,https://myanimelist.net/anime/season/1937/winter
Spring 1937,https://myanimelist.net/anime/season/1937/spring
Summer 1937,https://myanimelist.net/anime/season/1937/summer
Fall 1937,https://myanimelist.net/anime/season/1937/fall
Winter 1936,https://myanimelist.net/anime/season/1936/winter
Spring 1936,https://myanimelist.net/anime/season/1936/spring
Summer 1936,https://myanimelist.net/anime/season/1936/summer
Fall 1936,https://myanimelist.net/anime/season/1936/fall
Winter 1935,https://myanimelist.net/anime/season/1935/winter
Spring 1935,https://myanimelist.net/anime/season/1935/spring
Summer 1935,https://myanimelist.net/anime/season/1935/summer
Fall 1935,https://myanimelist.net/anime/season/1935/fall
Winter 1934,https://myanimelist.net/anime/season/1934/winter
Spring 1934,https://myanimelist.net/anime/season/1934/spring
Summer 1934,https://myanimelist.net/anime/season/1934/summer
Fall 1934,https://myanimelist.net/anime/season/1934/fall
Winter 1933,https://myanimelist.net/anime/season/1933/winter
Spring 1933,https://myanimelist.net/anime/season/1933/spring
Summer 1933,https://myanimelist.net/anime/season/1933/summer
Fall 1933,https://myanimelist.net/anime/season/1933/fall
Winter 1932,https://myanimelist.net/anime/season/1932/winter
Spring 1932,https://myanimelist.net/anime/season/1932/spring
Summer 1932,https://myanimelist.net/anime/season/1932/summer
Fall 1932,https://myanimelist.net/anime/season/1932/fall
Winter 1931,https://myanimelist.net/anime/season/1931/winter
Spring 1931,https://myanimelist.net/anime/season/1931/spring
Summer 1931,https://myanimelist.net/anime/season/1931/summer
Fall 1931,https://myanimelist.net/anime/season/1931/fall
Winter 1930,https://myanimelist.net/anime/season/1930/winter
Spring 1930,https://myanimelist.net/anime/season/1930/spring
Summer 1930,https://myanimelist.net/anime/season/1930/summer
Fall 1930,https://myanimelist.net/anime/season/1930/fall
Winter 1929,https://myanimelist.net/anime/season/1929/winter
Spring 1929,https://myanimelist.net/anime/season/1929/spring
Summer 1929,https://myanimelist.net/anime/season/1929/summer
Fall 1929,https://myanimelist.net/anime/season/1929/fall
Winter 1928,https://myanimelist.net/anime/season/1928/winter
Spring 1928,https://myanimelist.net/anime/season/1928/spring
Summer 1928,https://myanimelist.net/anime/season/1928/summer
Fall 1928,https://myanimelist.net/anime/season/1928/fall
Winter 1927,https://myanimelist.net/anime/season/1927/winter
Spring 1927,https://myanimelist.net/anime/season/1927/spring
Summer 1927,https://myanimelist.net/anime/season/1927/summer
Fall 1927,https://myanimelist.net/anime/season/1927/fall
Winter 1926,https://myanimelist.net/anime/season/1926/winter
Spring 1926,https://myanimelist.net/anime/season/1926/spring
Summer 1926,https://myanimelist.net/anime/season/1926/summer
Fall 1926,https://myanimelist.net/anime/season/1926/fall
Winter 1925,https://myanimelist.net/anime/season/1925/winter
Spring 1925,https://myanimelist.net/anime/season/1925/spring
Summer 1925,https://myanimelist.net/anime/season/1925/summer
Fall 1925,https://myanimelist.net/anime/season/1925/fall
Winter 1924,https://myanimelist.net/anime/season/1924/winter
Spring 1924,https://myanimelist.net/anime/season/1924/spring
Summer 1924,https://myanimelist.net/anime/season/1924/summer
Fall 1924,https://myanimelist.net/anime/season/1924/fall
Winter 1923,https://myanimelist.net/anime/season/1923/winter
Spring 1923,https://myanimelist.net/anime/season/1923/spring
Summer 1923,https://myanimelist.net/anime/season/1923/summer
Fall 1923,https://myanimelist.net/anime/season/1923/fall
Winter 1922,https://myanimelist.net/anime/season/1922/winter
Spring 1922,https://myanimelist.net/anime/season/1922/spring
Summer 1922,https://myanimelist.net/anime/season/1922/summer
Fall 1922,https://myanimelist.net/anime/season/1922/fall
Winter 1921,https://myanimelist.net/anime/season/1921/winter
Spring 1921,https://myanimelist.net/anime/season/1921/spring
Summer 1921,https://myanimelist.net/anime/season/1921/summer
Fall 1921,https://myanimelist.net/anime/season/1921/fall
Winter 1920,https://myanimelist.net/anime/season/1920/winter
Spring 1920,https://myanimelist.net/anime/season/1920/spring
Summer 1920,https://myanimelist.net/anime/season/1920/summer
Fall 1920,https://myanimelist.net/anime/season/1920/fall
Winter 1919,https://myanimelist.net/anime/season/1919/winter
Spring 1919,https://myanimelist.net/anime/season/1919/spring
Summer 1919,https://myanimelist.net/anime/season/1919/summer
Fall 1919,https://myanimelist.net/anime/season/1919/fall
Winter 1918,https://myanimelist.net/anime/season/1918/winter
Spring 1918,https://myanimelist.net/anime/season/1918/spring
Summer 1918,https://myanimelist.net/anime/season/1918/summer
Fall 1918,https://myanimelist.net/anime/season/1918/fall
Winter 1917,https://myanimelist.net/anime/season/1917/winter
Spring 1917,https://myanimelist.net/anime/season/1917/spring
Summer 1917,https://myanimelist.net/anime/season/1917/summer
Fall 1917,https://myanimelist.net/anime/season/1917/fall
